<?xml version="1.0" encoding="utf-8"?> <feed xmlns="http://www.w3.org/2005/Atom" xmlns:idx="urn:atom-extension:indexing"> <id>tag:google.com,2005:reader/user/04175468913983673025/state/com.google/alerts/4428013283581841004</id> <title>Google Alert - Slack</title> <link href="https://www.google.com/alerts/feeds/04175468913983673025/4428013283581841004" rel="self"></link> <updated>2019-07-10T11:53:37Z</updated> <entry> <id>tag:google.com,2013:googlealerts/feed:8974135267215335962</id> <title type="html">Report offers Prediction of Automotive &lt;b&gt;Slack&lt;/b&gt; Market by Top key players like Haldex, Meritor, Bendix ...</title> <link href="https://www.google.com/url?rct=j&amp;sa=t&amp;url=https://www.aglobalmarketresearch.com/report-offers-prediction-of-automotive-slack-market-by-top-key-players-like-haldex-meritor-bendix-mei-wabco-accuride-stemco-tbk-febi-aydinsan/&amp;ct=ga&amp;cd=CAIyHGU4ZTJkZjQ3OTVkYmIzMTc6Y28uanA6ZW46SlA&amp;usg=AFQjCNHUcRGtHY1ygcMDkVS68IgpYs7Wpg"></link> <published>2019-07-10T11:53:37Z</published> <updated>2019-07-10T11:53:37Z</updated> <content type="html">Automotive &lt;b&gt;Slack&lt;/b&gt; Market reports provides a comprehensive overview of the global market size and share. It provides strategists, marketers and senior&amp;nbsp;...</content> <author> <name></name> </author> </entry><entry> <id>tag:google.com,2013:googlealerts/feed:13685523368333461374</id> <title type="html">&lt;b&gt;Slack&lt;/b&gt; Stock Has a Compelling Story and the Numbers to Back It Up</title> <link href="https://www.google.com/url?rct=j&amp;sa=t&amp;url=https://investorplace.com/2019/07/slack-stock-truly-compelling/&amp;ct=ga&amp;cd=CAIyHGU4ZTJkZjQ3OTVkYmIzMTc6Y28uanA6ZW46SlA&amp;usg=AFQjCNEZXRySX8eW_IyksUe5d7lidLUXxg"></link> <published>2019-07-10T11:46:48Z</published> <updated>2019-07-10T11:46:48Z</updated> <content type="html">In the run up to the IPO for &lt;b&gt;Slack&lt;/b&gt; Technologies Inc (NYSE:WORK), much of the news coverage centered on the Company&amp;#39;s decision to go public via&amp;nbsp;...</content> <author> <name></name> </author> </entry><entry> <id>tag:google.com,2013:googlealerts/feed:16151843349267390757</id> <title type="html">&lt;b&gt;Slack&lt;/b&gt; (NASDAQ:WORK) Insider Cal Henderson Sells 1500 Shares</title> <link href="https://www.google.com/url?rct=j&amp;sa=t&amp;url=https://rivertonroll.com/news/2019/07/10/slack-nasdaqwork-insider-cal-henderson-sells-1500-shares-3.html&amp;ct=ga&amp;cd=CAIyHGU4ZTJkZjQ3OTVkYmIzMTc6Y28uanA6ZW46SlA&amp;usg=AFQjCNGa9L5blE9C_ZfDAAvEn2wd4T6SMg"></link> <published>2019-07-10T11:36:15Z</published> <updated>2019-07-10T11:36:15Z</updated> <content type="html">&lt;b&gt;Slack&lt;/b&gt; (NASDAQ:WORK) insider Cal Henderson sold 1,500 shares of the stock in a transaction on Friday, July 5th. The shares were sold at an average&amp;nbsp;...</content> <author> <name></name> </author> </entry><entry> <id>tag:google.com,2013:googlealerts/feed:1835132116100339822</id> <title type="html">Recode Daily: &lt;b&gt;Slack&lt;/b&gt; has a Snap problem</title> <link href="https://www.google.com/url?rct=j&amp;sa=t&amp;url=https://www.vox.com/2019/7/10/20688476/recode-daily-slack-has-a-snap-problem&amp;ct=ga&amp;cd=CAIyHGU4ZTJkZjQ3OTVkYmIzMTc6Y28uanA6ZW46SlA&amp;usg=AFQjCNEtQrh4XLXd2sVV4nUaaLRLTH41gA"></link> <published>2019-07-10T11:26:15Z</published> <updated>2019-07-10T11:26:15Z</updated> <content type="html">Microsoft Teams could be to &lt;b&gt;Slack&lt;/b&gt; what Facebook was to Snapchat: a copier and a killer. The workplace messaging software &lt;b&gt;Slack&lt;/b&gt; is losing ground to&amp;nbsp;...</content> <author> <name></name> </author> </entry><entry> <id>tag:google.com,2013:googlealerts/feed:991231131852743341</id> <title type="html">Global Automotive &lt;b&gt;Slack&lt;/b&gt; Market Revenue Share by Players: Haldex, Meritor, Bendix, MEI, Wabco</title> <link href="https://www.google.com/url?rct=j&amp;sa=t&amp;url=https://www.globalindustryjournal.us/183648/global-automotive-slack-market-revenue-share-by-players-haldex-meritor-bendix-mei-wabco/&amp;ct=ga&amp;cd=CAIyHGU4ZTJkZjQ3OTVkYmIzMTc6Y28uanA6ZW46SlA&amp;usg=AFQjCNEjveCF1nef8dDcyjHbbhfhckMzFw"></link> <published>2019-07-10T09:56:15Z</published> <updated>2019-07-10T09:56:15Z</updated> <content type="html">Market Research Explore recently released an exhaustive study of Global Automotive &lt;b&gt;Slack&lt;/b&gt; Market, enfolding details of market competition, trends,&amp;nbsp;...</content> <author> <name></name> </author> </entry><entry> <id>tag:google.com,2013:googlealerts/feed:6847164010869268236</id> <title type="html">&lt;b&gt;Slack&lt;/b&gt; (NASDAQ:WORK) Director Sells $39655442.33 in Stock</title> <link href="https://www.google.com/url?rct=j&amp;sa=t&amp;url=https://mayfieldrecorder.com/2019/07/10/slack-nasdaqwork-director-chamath-palihapitiya-sells-1017067-shares.html&amp;ct=ga&amp;cd=CAIyHGU4ZTJkZjQ3OTVkYmIzMTc6Y28uanA6ZW46SlA&amp;usg=AFQjCNHgq8lH_XYoxtARd4wwG1AachxXBg"></link> <published>2019-07-10T05:48:45Z</published> <updated>2019-07-10T05:48:45Z</updated> <content type="html">&lt;b&gt;Slack&lt;/b&gt; (NASDAQ:WORK) Director Chamath Palihapitiya sold 1,017,067 shares of the firm&amp;#39;s stock in a transaction that occurred on Thursday, June 20th.</content> <author> <name></name> </author> </entry><entry> <id>tag:google.com,2013:googlealerts/feed:10850208843585695355</id> <title type="html">&lt;b&gt;Slack&lt;/b&gt; (NASDAQ:WORK) Insider Cal Henderson Sells 99342 Shares</title> <link href="https://www.google.com/url?rct=j&amp;sa=t&amp;url=https://mayfieldrecorder.com/2019/07/10/slack-nasdaqwork-insider-cal-henderson-sells-99342-shares-of-stock.html&amp;ct=ga&amp;cd=CAIyHGU4ZTJkZjQ3OTVkYmIzMTc6Y28uanA6ZW46SlA&amp;usg=AFQjCNFq39KMesisexj52u8TlmigPkty1g"></link> <published>2019-07-10T05:48:45Z</published> <updated>2019-07-10T05:48:45Z</updated> <content type="html">&lt;b&gt;Slack&lt;/b&gt; (NASDAQ:WORK) insider Cal Henderson sold 99,342 shares of the firm&amp;#39;s stock in a transaction on Friday, June 21st. The shares were sold at an&amp;nbsp;...</content> <author> <name></name> </author> </entry><entry> <id>tag:google.com,2013:googlealerts/feed:676733747034138159</id> <title type="html">&lt;b&gt;Slack&lt;/b&gt; Wax Market 2019 Global Industry Growth, Historical Analysis, Size, Trends, Emerging ...</title> <link href="https://www.google.com/url?rct=j&amp;sa=t&amp;url=http://newsinbites.com/2019/07/10/slack-wax-market-2019-global-industry-growth-historical-analysis-size-trends-emerging-factors-demands-key-players-emerging-technologies-and-potential-of-industry-till-2024/&amp;ct=ga&amp;cd=CAIyHGU4ZTJkZjQ3OTVkYmIzMTc6Y28uanA6ZW46SlA&amp;usg=AFQjCNGSN1zkCT-nKy9XVtCuwP2Vtr_HMQ"></link> <published>2019-07-10T05:37:30Z</published> <updated>2019-07-10T05:37:30Z</updated> <content type="html">Global “&lt;b&gt;Slack&lt;/b&gt; Wax Market” 2019 Industry research report provides an In-Depth analysis that includes an executive summary, definition, and scope of&amp;nbsp;...</content> <author> <name></name> </author> </entry><entry> <id>tag:google.com,2013:googlealerts/feed:18336572245163291818</id> <title type="html">&lt;b&gt;Slack&lt;/b&gt; (NASDAQ:WORK) SVP Sells $14409915.40 in Stock</title> <link href="https://www.google.com/url?rct=j&amp;sa=t&amp;url=https://techknowbits.com/2019/07/10/slack-nasdaqwork-svp-robert-frati-sells-376238-shares-of-stock.html&amp;ct=ga&amp;cd=CAIyHGU4ZTJkZjQ3OTVkYmIzMTc6Y28uanA6ZW46SlA&amp;usg=AFQjCNFkHaZhjSnl6JinAe2lasaG3oKGAg"></link> <published>2019-07-10T05:03:45Z</published> <updated>2019-07-10T05:03:45Z</updated> <content type="html">&lt;b&gt;Slack&lt;/b&gt; (NASDAQ:WORK) SVP Robert Frati sold 376,238 shares of the company&amp;#39;s stock in a transaction that occurred on Friday, June 21st. The stock&amp;nbsp;...</content> <author> <name></name> </author> </entry><entry> <id>tag:google.com,2013:googlealerts/feed:2703912120395789266</id> <title type="html">&lt;b&gt;Slack&lt;/b&gt; (NASDAQ:WORK) CFO Sells $19407875.75 in Stock</title> <link href="https://www.google.com/url?rct=j&amp;sa=t&amp;url=https://techknowbits.com/2019/07/10/slack-nasdaqwork-cfo-allen-shim-sells-502925-shares-of-stock.html&amp;ct=ga&amp;cd=CAIyHGU4ZTJkZjQ3OTVkYmIzMTc6Y28uanA6ZW46SlA&amp;usg=AFQjCNEXxF5Cfnhwz-SxZFQPvgjPUmgGVQ"></link> <published>2019-07-10T05:03:45Z</published> <updated>2019-07-10T05:03:45Z</updated> <content type="html">&lt;b&gt;Slack&lt;/b&gt; (NASDAQ:WORK) CFO Allen Shim sold 502,925 shares of the company&amp;#39;s stock in a transaction that occurred on Thursday, June 20th.</content> <author> <name></name> </author> </entry><entry> <id>tag:google.com,2013:googlealerts/feed:16967451403322814502</id> <title type="html">&lt;b&gt;Slack&lt;/b&gt; (NASDAQ:WORK) CEO Sells $53170714.63 in Stock</title> <link href="https://www.google.com/url?rct=j&amp;sa=t&amp;url=https://mayfieldrecorder.com/2019/07/10/slack-nasdaqwork-ceo-stewart-butterfield-sells-1360909-shares.html&amp;ct=ga&amp;cd=CAIyHGU4ZTJkZjQ3OTVkYmIzMTc6Y28uanA6ZW46SlA&amp;usg=AFQjCNFU3yaWB2ZAMHAEg88g4swT73wfUQ"></link> <published>2019-07-10T05:03:45Z</published> <updated>2019-07-10T05:03:45Z</updated> <content type="html">&lt;b&gt;Slack&lt;/b&gt; (NASDAQ:WORK) CEO Stewart Butterfield sold 1,360,909 shares of &lt;b&gt;Slack&lt;/b&gt; stock in a transaction on Friday, June 21st. The shares were sold at&amp;nbsp;...</content> <author> <name></name> </author> </entry><entry> <id>tag:google.com,2013:googlealerts/feed:7033385826050307251</id> <title type="html">Pineview advances in District II playoffs</title> <link href="https://www.google.com/url?rct=j&amp;sa=t&amp;url=http://www.valleybreeze.com/2019-07-09/pawtucket/pineview-advances-district-ii-playoffs&amp;ct=ga&amp;cd=CAIyHGU4ZTJkZjQ3OTVkYmIzMTc6Y28uanA6ZW46SlA&amp;usg=AFQjCNFhAakIA4wXQDhO_D00ECKTu5_imw"></link> <published>2019-07-10T04:11:14Z</published> <updated>2019-07-10T04:11:14Z</updated> <content type="html">Pineview second baseman Brayden &lt;b&gt;Slack&lt;/b&gt;, right, tries to tag out Rumford runner James Lynch, who slides into second with a double in the second&amp;nbsp;...</content> <author> <name></name> </author> </entry><entry> <id>tag:google.com,2013:googlealerts/feed:3167943241172286723</id> <title type="html">Global Enterprise Collaboration Software Market 2019 IBM Corporation, Microsoft Corporation ...</title> <link href="https://www.google.com/url?rct=j&amp;sa=t&amp;url=http://marketnewswire24.us/17010/global-enterprise-collaboration-software-market-2019-ibm-corporation-microsoft-corporation-slack-technologies-inc/&amp;ct=ga&amp;cd=CAIyHGU4ZTJkZjQ3OTVkYmIzMTc6Y28uanA6ZW46SlA&amp;usg=AFQjCNHG-jxznBgS52cob3KFPnXyFhGW8g"></link> <published>2019-07-10T03:36:51Z</published> <updated>2019-07-10T03:36:51Z</updated> <content type="html">Leading Enterprise Collaboration Software Industry Players Included In The Report Are: IBM Corporation, Microsoft Corporation, &lt;b&gt;Slack&lt;/b&gt; technologies,&amp;nbsp;...</content> <author> <name></name> </author> </entry><entry> <id>tag:google.com,2013:googlealerts/feed:15024912487216559816</id> <title type="html">Armed man killed, K-9 shot in Citrus Heights officer-involved shooting near Sunrise Mall</title> <link href="https://www.google.com/url?rct=j&amp;sa=t&amp;url=https://www.sacbee.com/news/local/crime/article232483667.html&amp;ct=ga&amp;cd=CAIyHGU4ZTJkZjQ3OTVkYmIzMTc6Y28uanA6ZW46SlA&amp;usg=AFQjCNENE1Tle1J2dM3ZxqdYaLWlI4xoyg"></link> <published>2019-07-10T03:33:51Z</published> <updated>2019-07-10T03:33:51Z</updated> <content type="html">A Citrus Heights officer, the K-9&amp;#39;s handler, also was shot through the &lt;b&gt;slack&lt;/b&gt; in his uniform but was not injured, said police spokesman Lt. Chad Morris.</content> <author> <name></name> </author> </entry><entry> <id>tag:google.com,2013:googlealerts/feed:14640835878759953379</id> <title type="html">Automotive &lt;b&gt;Slack&lt;/b&gt; Adjuster 3150 Market Report – A Complete Overview of Market Segments and ...</title> <link href="https://www.google.com/url?rct=j&amp;sa=t&amp;url=http://cw57.tv/market-research-news/69293/automotive-slack-adjuster-3150-market-report-a-complete-overview-of-market-segments-and-the-regional-outlook-of-automotive-slack-adjuster-3150-industry/&amp;ct=ga&amp;cd=CAIyHGU4ZTJkZjQ3OTVkYmIzMTc6Y28uanA6ZW46SlA&amp;usg=AFQjCNHKbCms6OnCO67WnO8_fhejvqS4Bg"></link> <published>2019-07-10T03:22:30Z</published> <updated>2019-07-10T03:22:30Z</updated> <content type="html">This Automotive &lt;b&gt;Slack&lt;/b&gt; Adjuster 3150 market report presents a comprehensive overview, market shares, and growth opportunities of Automotive &lt;b&gt;Slack&lt;/b&gt;&amp;nbsp;...</content> <author> <name></name> </author> </entry><entry> <id>tag:google.com,2013:googlealerts/feed:16965181355074777371</id> <title type="html">&lt;b&gt;Slack&lt;/b&gt; and Spotify debuts tempt companies to cut out the middlemen</title> <link href="https://www.google.com/url?rct=j&amp;sa=t&amp;url=https://www.ft.com/content/6ee262ba-a1f5-11e9-974c-ad1c6ab5efd1&amp;ct=ga&amp;cd=CAIyHGU4ZTJkZjQ3OTVkYmIzMTc6Y28uanA6ZW46SlA&amp;usg=AFQjCNGE6e4LnMTVczc_IGbhgiSinZqQ9Q"></link> <published>2019-07-10T03:00:00Z</published> <updated>2019-07-10T03:00:00Z</updated> <content type="html">Last month, messaging service &lt;b&gt;Slack&lt;/b&gt; bypassed convention with a “direct listing,” where shares become tradable on an exchange, but no money is&amp;nbsp;...</content> <author> <name></name> </author> </entry><entry> <id>tag:google.com,2013:googlealerts/feed:13555337362872998403</id> <title type="html">&lt;b&gt;Slack&lt;/b&gt; Technologies, Inc. (NYSE:WORK) Has Witnessed Cash Flow Change of</title> <link href="https://www.google.com/url?rct=j&amp;sa=t&amp;url=https://thestockminute.com/slack-technologies-inc-nysework-has-witnessed-cash-flow-change-of/48532/&amp;ct=ga&amp;cd=CAIyHGU4ZTJkZjQ3OTVkYmIzMTc6Y28uanA6ZW46SlA&amp;usg=AFQjCNGm59ORBBH9vi4-WMWFURi4MQfRDw"></link> <published>2019-07-10T02:03:45Z</published> <updated>2019-07-10T02:03:45Z</updated> <content type="html">Investors looking to take advantage of cash heavy shares, they might look first to the cash flow of a company, and how fast that is growing. &lt;b&gt;Slack&lt;/b&gt;&amp;nbsp;...</content> <author> <name></name> </author> </entry><entry> <id>tag:google.com,2013:googlealerts/feed:443267995170339225</id> <title type="html">Insider Selling: &lt;b&gt;Slack&lt;/b&gt; (NASDAQ:WORK) Insider Sells 1500 Shares of Stock</title> <link href="https://www.google.com/url?rct=j&amp;sa=t&amp;url=https://rivertonroll.com/news/2019/07/09/slack-nasdaqwork-insider-cal-henderson-sells-1500-shares-2.html&amp;ct=ga&amp;cd=CAIyHGU4ZTJkZjQ3OTVkYmIzMTc6Y28uanA6ZW46SlA&amp;usg=AFQjCNF7JwPeGB209qmU1JTDp36eQBFexA"></link> <published>2019-07-10T01:30:00Z</published> <updated>2019-07-10T01:30:00Z</updated> <content type="html">&lt;b&gt;Slack&lt;/b&gt; (NASDAQ:WORK) insider Cal Henderson sold 1,500 shares of &lt;b&gt;Slack&lt;/b&gt; stock in a transaction dated Friday, June 28th. The shares were sold at an&amp;nbsp;...</content> <author> <name></name> </author> </entry><entry> <id>tag:google.com,2013:googlealerts/feed:13952751448219995557</id> <title type="html">&lt;b&gt;Slack&lt;/b&gt; (NASDAQ:WORK) CEO Sells $91750.00 in Stock</title> <link href="https://www.google.com/url?rct=j&amp;sa=t&amp;url=https://rivertonroll.com/news/2019/07/09/insider-selling-slack-nasdaqwork-ceo-sells-2500-shares-of-stock.html&amp;ct=ga&amp;cd=CAIyHGU4ZTJkZjQ3OTVkYmIzMTc6Y28uanA6ZW46SlA&amp;usg=AFQjCNFpplJXjDKxXBAEKaxL4p87dlJXVg"></link> <published>2019-07-10T00:45:00Z</published> <updated>2019-07-10T00:45:00Z</updated> <content type="html">&lt;b&gt;Slack&lt;/b&gt; (NASDAQ:WORK) CEO Stewart Butterfield sold 2,500 shares of the firm&amp;#39;s stock in a transaction that occurred on Friday, June 28th. The shares&amp;nbsp;...</content> <author> <name></name> </author> </entry><entry> <id>tag:google.com,2013:googlealerts/feed:13546348949071100939</id> <title type="html">Latest research shows Microsoft Teams is stomping &lt;b&gt;Slack&lt;/b&gt;</title> <link href="https://www.google.com/url?rct=j&amp;sa=t&amp;url=https://mspoweruser.com/latest-research-shows-microsoft-teams-is-stomping-slack/&amp;ct=ga&amp;cd=CAIyHGU4ZTJkZjQ3OTVkYmIzMTc6Y28uanA6ZW46SlA&amp;usg=AFQjCNHlMxJk51Ai598ebVkCpaKE2uStCw"></link> <published>2019-07-09T23:59:57Z</published> <updated>2019-07-09T23:59:57Z</updated> <content type="html">A new survey by market research firm ETR has shown that enterprise collaboration software &lt;b&gt;Slack&lt;/b&gt; is losing ground to Microsoft Teams, especially with&amp;nbsp;...</content> <author> <name></name> </author> </entry> </feed> 