<?xml version="1.0" encoding="UTF-8"?><rss version="2.0"
  xmlns:dc="http://purl.org/dc/elements/1.1/">

<channel>
  <title>Invalid date format feed</title>
  <link>http://example.com/feed</link>
  <language>en-US</language>
  <item>
    <title>Item 0 with an invalid date</title>
    <link>http://example.com/item0</link>
    <pubDate>Mon, 16 Oct 2017 15:10:00 +0000</pubDate>
    <dc:date>1518478934</dc:date>
  </item>
  <item>
    <title>Item 1 with all valid dates</title>
    <link>http://example.com/item1</link>
    <pubDate>Tue, 17 Oct 2017 12:17:00 +0000</pubDate>
    <dc:date>Tue, 17 Oct 2017 22:17:00 +0000</dc:date>
  </item>
</channel>
