<img width="100" height="62" src="http://tctechcrunch2011.files.wordpress.com/2011/11/angies-list.jpeg?w=100&amp;h=62&amp;crop=1" class="attachment-tc-carousel-river-thumb wp-post-image" alt="angies-list" title="angies-list" style="float: left; margin: 0 10px 7px 0;" /><p>Angie&#8217;s List, which offers consumers a way to review and rate doctors, contractors and service companies on the Web, has just set the terms for its IPO. In a <a href="http://www.sec.gov/Archives/edgar/data/1491778/000119312511292292/d222159ds1a.htm">new filing</a>, the company revealed that it aims to raise as much as $131.4 million in the offering and has priced its IPO in the range of $11 to $13 per share. The company will <a href="http://techcrunch.com/2011/10/31/pre-ipo-angies-list-is-the-latest-tech-company-to-list-on-the-nasdaq/">list on the Nasdaq</a> under the symbol “ANGI.” At the high end of the range, Angie&#8217;s List would be valued at nearly $700 million. </p>
<p>Angie’s List launched in 1995 with a focus on local home, yard and car services, sits at the intersection of local search, user-generated content and subscription-based services. To date, Angie’s List has raised nearly $100 million from Battery Ventures, T. Rowe Price, City Investment Group, Cardinal Ventures and others.</p>
<p>As of September 30, 2011, the company offered its service to paying members in 175 local markets in the United States (compared to 170 as of August). Angie’s List now has more than 1 million (up from 820,000) paid memberships.</p>
<p>Angie&#8217;s List incurred marketing expenses of $30.2 million and $48 million in 2010 and the nine months ended September 30, 2011, respectively. In 2010 and the nine months ended September 30, 2011, the company&#8217;s revenue was $59.0 million and $62.6 million, respectively. In the same periods, Angie&#8217;s net loss was $27.2 million and $43.2 million. Angie&#8217;s List has incurred net losses its start and had an accumulated deficit of $160.6 million as of September 30, 2011.</p>
  <br />  <a rel="nofollow" href="http://feeds.wordpress.com/1.0/gocomments/tctechcrunch2011.wordpress.com/446154/"></a> <a rel="nofollow" href="http://feeds.wordpress.com/1.0/godelicious/tctechcrunch2011.wordpress.com/446154/"></a> <a rel="nofollow" href="http://feeds.wordpress.com/1.0/gofacebook/tctechcrunch2011.wordpress.com/446154/"></a> <a rel="nofollow" href="http://feeds.wordpress.com/1.0/gotwitter/tctechcrunch2011.wordpress.com/446154/"></a> <a rel="nofollow" href="http://feeds.wordpress.com/1.0/gostumble/tctechcrunch2011.wordpress.com/446154/"></a> <a rel="nofollow" href="http://feeds.wordpress.com/1.0/godigg/tctechcrunch2011.wordpress.com/446154/"></a> <a rel="nofollow" href="http://feeds.wordpress.com/1.0/goreddit/tctechcrunch2011.wordpress.com/446154/"></a> 
<p><a href="http://feedads.g.doubleclick.net/~at/qv0C7ycnV3JrFMT7HnFWNXc9uEY/0/da"><img src="http://feedads.g.doubleclick.net/~at/qv0C7ycnV3JrFMT7HnFWNXc9uEY/0/di" border="0" ismap="true"></img></a><br/>
<a href="http://feedads.g.doubleclick.net/~at/qv0C7ycnV3JrFMT7HnFWNXc9uEY/1/da"><img src="http://feedads.g.doubleclick.net/~at/qv0C7ycnV3JrFMT7HnFWNXc9uEY/1/di" border="0" ismap="true"></img></a></p><div class="feedflare">
<a href="http://feeds.feedburner.com/~ff/Techcrunch?a=kTeeGj4FnwU:ARydNZJ6SxI:2mJPEYqXBVI"><img src="http://feeds.feedburner.com/~ff/Techcrunch?d=2mJPEYqXBVI" border="0"></img></a> <a href="http://feeds.feedburner.com/~ff/Techcrunch?a=kTeeGj4FnwU:ARydNZJ6SxI:7Q72WNTAKBA"><img src="http://feeds.feedburner.com/~ff/Techcrunch?d=7Q72WNTAKBA" border="0"></img></a> <a href="http://feeds.feedburner.com/~ff/Techcrunch?a=kTeeGj4FnwU:ARydNZJ6SxI:yIl2AUoC8zA"><img src="http://feeds.feedburner.com/~ff/Techcrunch?d=yIl2AUoC8zA" border="0"></img></a> <a href="http://feeds.feedburner.com/~ff/Techcrunch?a=kTeeGj4FnwU:ARydNZJ6SxI:-BTjWOF_DHI"><img src="http://feeds.feedburner.com/~ff/Techcrunch?i=kTeeGj4FnwU:ARydNZJ6SxI:-BTjWOF_DHI" border="0"></img></a> <a href="http://feeds.feedburner.com/~ff/Techcrunch?a=kTeeGj4FnwU:ARydNZJ6SxI:D7DqB2pKExk"><img src="http://feeds.feedburner.com/~ff/Techcrunch?i=kTeeGj4FnwU:ARydNZJ6SxI:D7DqB2pKExk" border="0"></img></a> <a href="http://feeds.feedburner.com/~ff/Techcrunch?a=kTeeGj4FnwU:ARydNZJ6SxI:qj6IDK7rITs"><img src="http://feeds.feedburner.com/~ff/Techcrunch?d=qj6IDK7rITs" border="0"></img></a>
</div><img src="http://feeds.feedburner.com/~r/Techcrunch/~4/kTeeGj4FnwU" height="1" width="1"/>