
<?xml version="1.0" encoding="UTF-8"?>
<?xml-stylesheet type="text/xsl" media="screen" href="/~d/styles/atom10full.xsl"?><?xml-stylesheet type="text/css" media="screen" href="http://feeds.feedburner.com/~d/styles/itemcontent.css"?><feed xmlns="http://www.w3.org/2005/Atom" xmlns:dc="http://purl.org/dc/elements/1.1/" xmlns:thr="http://purl.org/syndication/thread/1.0" xmlns:feedburner="http://rssnamespace.org/feedburner/ext/1.0">
    <title>Everything Typepad</title>
    
    <link rel="alternate" type="text/html" href="http://everything.typepad.com/blog/" />
    <id>tag:typepad.com,2003:weblog-371576</id>
    <updated>2013-02-22T09:47:09-08:00</updated>
    <subtitle>Tips, advice, and blogs by our Typepad community.</subtitle>
    <generator uri="http://www.typepad.com/">TypePad</generator>
    <atom10:link xmlns:atom10="http://www.w3.org/2005/Atom" rel="self" type="application/atom+xml" href="http://feeds.feedburner.com/TypePadNews" /><feedburner:info uri="typepadnews" /><atom10:link xmlns:atom10="http://www.w3.org/2005/Atom" rel="hub" href="http://pubsubhubbub.appspot.com/" /><feedburner:browserFriendly>This is an XML content feed. It is intended to be viewed in a newsreader or syndicated to another site.</feedburner:browserFriendly><entry>
        <title>Spotlight: Friday Favorites!</title>
        <link rel="alternate" type="text/html" href="http://feedproxy.google.com/~r/TypePadNews/~3/0BN9mE2cw1E/spotlight-friday-favorites.html" />
        <link rel="replies" type="text/html" href="http://everything.typepad.com/blog/2013/02/spotlight-friday-favorites.html" thr:count="0" />
        <id>tag:typepad.com,2003:post-6a00d83451c82369e2017c3708a241970b</id>
        <published>2013-02-22T09:47:09-08:00</published>
        <updated>2013-02-22T09:47:09-08:00</updated>
        <summary>Each week, we scout for great blogs in the Typepad Showcase that fit a particular theme and are guaranteed to inspire. This week, we've hand-picked four great Typepad bloggers who are showcasing their own Friday...</summary>
        <author>
            <name>The Typepad Team</name>
        </author>
        <category scheme="http://www.sixapart.com/ns/types#category" term="Blogging Community" />
        
        
<content type="xhtml" xml:lang="en-US" xml:base="http://everything.typepad.com/blog/"><div xmlns="http://www.w3.org/1999/xhtml"><p>Each week, we scout for great blogs in the <a href="http://www.typepad.com/showcase">Typepad Showcase</a> that fit a particular theme and are guaranteed to inspire. This week, we've hand-picked four great Typepad bloggers who are showcasing their own Friday Favorites, from photos to fonts. Each blog is guaranteed to inspire, so click through the photos below to visit and see why we think they're fantastic. </p>

<p><a href="http://leonalane.typepad.com">Leona Lane</a> are showing their colors with Photo Love: Yellow:</p>

<p><a href="http://leonalane.typepad.com/my-blog/2013/02/photo-friday-yellow.html"><img class="asset  asset-image at-xid-6a00d83451c82369e2017c37087e65970b" style="width: 595px; display: block; margin-left: auto; margin-right: auto;" alt="image from leonalane.typepad.com" title="image from leonalane.typepad.com" src="http://everything.typepad.com/.a/6a00d83451c82369e2017c37087e65970b-600wi" /></a></p>

<p><a href="http://susanweinroth.typepad.com/a_little_bit_of_me/">Susan Weinroth</a> is celebrating the weekend with Friday Phone Favorites:</p>

<p><a href="http://susanweinroth.typepad.com/a_little_bit_of_me/2013/02/friday-phone-favorites.html"><img class="asset  asset-image at-xid-6a00d83451c82369e2017c37088b2e970b" style="width: 595px; display: block; margin-left: auto; margin-right: auto;" src="http://everything.typepad.com/.a/6a00d83451c82369e2017c37088b2e970b-600wi" /></a></p>

<p><a href="http://designeditor.typepad.com/design_editor/">Design Editor</a> brings us a smashing font for Font Friday:</p>

<p><a href="http://designeditor.typepad.com/design_editor/2013/02/font-friday-autumn.html"><img class="asset  asset-image at-xid-6a00d83451c82369e2017d4137e273970c" style="width: 595px; display: block; margin-left: auto; margin-right: auto;" src="http://everything.typepad.com/.a/6a00d83451c82369e2017d4137e273970c-600wi" /></a></p>

<p><a href="http://blairpeter.typepad.com/weblog/">Wisecraft</a> features the fantastic book Art Doodle Love (and is hosting a giveaway!):</p>

<p><a href="http://blairpeter.typepad.com/weblog/2013/02/friday-favorites-art-doodle-love.html"><img class="asset  asset-image at-xid-6a00d83451c82369e2017c37088cc8970b" style="width: 595px; display: block; margin-left: auto; margin-right: auto;" src="http://everything.typepad.com/.a/6a00d83451c82369e2017c37088cc8970b-600wi" /></a></p>

<p>We hope you enjoyed this week's roundup of fantastic Typepad blogs! Check out more great crafty blogs <a href="https://www.typepad.com/showcase/crafters">right here</a>. We'd love to see your blog in the <a href="http://www.typepad.com/showcase">Typepad Showcase</a>, so go ahead and <a href="http://www.formstack.com/forms/?1181761-H54jdOxMyr">submit it</a> today - you might just see yourself in the spotlight!</p><xhtml:img xmlns:xhtml="http://www.w3.org/1999/xhtml" src="http://feeds.feedburner.com/~r/TypePadNews/~4/0BN9mE2cw1E" height="1" width="1" /></div></content>


    <feedburner:origLink>http://everything.typepad.com/blog/2013/02/spotlight-friday-favorites.html</feedburner:origLink></entry>
    <entry>
        <title>Typepad Release Notes</title>
        <link rel="alternate" type="text/html" href="http://feedproxy.google.com/~r/TypePadNews/~3/LKtjg9Wnv8o/mobile-tweaks-layout-classes.html" />
        <link rel="replies" type="text/html" href="http://everything.typepad.com/blog/2013/02/mobile-tweaks-layout-classes.html" thr:count="2" thr:updated="2013-02-22T13:24:07-08:00" />
        <id>tag:typepad.com,2003:post-6a00d83451c82369e2017ee8a84063970d</id>
        <published>2013-02-21T15:44:40-08:00</published>
        <updated>2013-02-21T15:44:40-08:00</updated>
        <summary>Fixes &amp; Improvements For those of you who use the mobile /.m/ directory, you may have noticed that there was something wonky happening where the mobile view was broken when a Featured post was turned...</summary>
        <author>
            <name>The Typepad Team</name>
        </author>
        <category scheme="http://www.sixapart.com/ns/types#category" term="News" />
        
        
<content type="xhtml" xml:lang="en-US" xml:base="http://everything.typepad.com/blog/"><div xmlns="http://www.w3.org/1999/xhtml"><h3>Fixes &amp; Improvements</h3>
<p>For those of you who use the mobile /.m/ directory, you may have noticed that there was something wonky happening where the mobile view was broken when a Featured post was turned on. That bit of code has been corrected, so everything will now appear as it should.</p>
<p>Some additional things we've added to the mobile /.m/ experience are:</p>
<ul>
<li>link around the banner section so that mobile viewers can quickly return to the front of the (mobile version) blog.</li>
<li>CSS class to the <em>mobile</em> footer links so that the links can be styled:
<ul>
<li>Categories -<em> .footer-archives</em></li>
<li>Recent Comments - <em>.footer-comments</em></li>
<li>About - <em>.footer-about</em></li>
<li>Main - <em>.footer-main</em></li>
</ul>
</li>
</ul>
<h3>New CSS Options for the 5 Classic Layouts</h3>
<p>With today's release also comes a set of new CSS classes for the <code>&lt;body&gt;</code> tag of each of the 5 classic layouts. If you have an Unlimited account or above, you will now be able to make customizations with CSS for the different templates of your blog:</p>
<ul>
<li>Front index of your blog -- <em>index</em></li>
<li>Individual post -- <em>post</em></li>
<li>Individual page -- <em>page</em></li>
<li>Category archive - <em>category</em></li>
<li>Date-based archive - <em>date</em></li>
<li>Archives list - <em>archives</em></li>
<li>Search Results - <em>search</em></li>
</ul>
<p>Need a bit of code as an example of how to use it? Let's use the new class for each of these pages and set a different background color them:</p>
<blockquote>
<p><code>/* Background for Index */<br />body.index { background-color: #9C8978; } <br /><br />/* Background for Posts */<br />body.post { background-color: #263842; }<br /><br />/* Background for Pages */<br />body.page { background-color: #55758A; } <br /><br />/* Background for Categories */<br />body.category { background-color: #91BFCC; } <br /><br />/* Background for Monthly Archives */<br />body.date { background-color: #B6D4D4; } <br /><br />/* Background for Archives List */<br />body.archives { background-color: #D0D6D6; } <br /><br />/* Background for Search Results */<br />body.search { background-color: #D3B6B6; } </code></p>
</blockquote>
<p>Some examples of what you can do with each template type are: <a href="http://help.typepad.com/css-body-classes.html" target="_self">set custom backgrounds and colors</a>; use different fonts; remove a column (e.g. from Pages or similar); <a href="http://help.typepad.com/display-only-post-titles.html" target="_self">hide post content so only titles display</a> on date/category archives; and more! </p>
<p>The inclusion of custom classes really expands what you, and theme designers, can do with your Typepad blog. We encourage you to <a href="http://help.typepad.com/create-a-test-blog.html" target="_self">setup a test blog</a> and try these out!</p><xhtml:img xmlns:xhtml="http://www.w3.org/1999/xhtml" src="http://feeds.feedburner.com/~r/TypePadNews/~4/LKtjg9Wnv8o" height="1" width="1" /></div></content>


    <feedburner:origLink>http://everything.typepad.com/blog/2013/02/mobile-tweaks-layout-classes.html</feedburner:origLink></entry>
    <entry>
        <title>Typepad 101: Adding Amazon Items to Your Sidebar</title>
        <link rel="alternate" type="text/html" href="http://feedproxy.google.com/~r/TypePadNews/~3/Nur_PlJ4MYk/typepad-101-adding-amazon-items-to-your-sidebar.html" />
        <link rel="replies" type="text/html" href="http://everything.typepad.com/blog/2013/02/typepad-101-adding-amazon-items-to-your-sidebar.html" thr:count="3" thr:updated="2013-02-23T20:39:04-08:00" />
        <id>tag:typepad.com,2003:post-6a00d83451c82369e2017d412e9423970c</id>
        <published>2013-02-20T11:09:11-08:00</published>
        <updated>2013-02-20T11:09:11-08:00</updated>
        <summary>Welcome to Typepad 101! Whether you want to add some new features to your blog's design, or simply make your blog more functional, Typepad 101 has you covered. Media. We all consume it and we...</summary>
        <author>
            <name>The Typepad Team</name>
        </author>
        <category scheme="http://www.sixapart.com/ns/types#category" term="Tips and Tricks" />
        
        
<content type="xhtml" xml:lang="en-US" xml:base="http://everything.typepad.com/blog/"><div xmlns="http://www.w3.org/1999/xhtml"><blockquote>Welcome to Typepad 101! Whether you want to add some new features to your blog's design, or simply make your blog more functional, Typepad 101 has you covered. <br /></blockquote>
<p>Media.  We all consume it and we all love it.  The books we read, the games we play, the music we listen to - they're all a part of us and sharing these parts of ourselves on our blogs are both easy and fun.</p>
<p>The simplest way to share these items is by adding a Books or Albums Typelist to your sidebar. The great thing about either of these Typelists is that you're not limited to adding just books or albums - you can add any item at Amazon.</p>
<p>First, go to Library &gt; Typelists and create a new Books or Albums Typelist.  The next step is to add items to your Typelists. The Quick Add box will allow you to search for books and albums to add to your Typelist.</p>
<div class="photo-wrap photo-xid-6a00e54ee025588834017d412a8306970c" id="photo-xid-6a00e54ee025588834017d412a8306970c" style="display: block; margin-left: auto; margin-right: auto; width: 320px;"><a class="asset-img-link" href="http://featherfiles.aviary.com/2013-02-19/f77694d11/7644d69fa88444fd9f57469316afba77_hires.png"><img alt="Interpol" class="asset  asset-image at-xid-6a00e54ee025588834017d412a8306970c" src="http://kymberlie6.typepad.com/.a/6a00e54ee025588834017d412a8306970c-320wi" title="Interpol" /></a>
<div class="photo-caption caption-xid-6a00e54ee025588834017d412a8306970c" id="caption-xid-6a00e54ee025588834017d412a8306970c">Interpol. They're awesome.</div>
</div>
<p>However, if you want to add something other than a book or an album, you can use the Quick Add box in a slightly different manner. Go to <a href="http://www.amazon.com" target="_self">Amazon</a> and find the item you're looking for.  For each item, under the Product Details, you should see either an ASIN or ISBN number. Copy this number and enter it in the Quick Add box. The item should then be listed so that you can add it to your Typelist. Once you've added all the items you want to your Typelist, you can use the Publish tab or Design &gt; Content to add it to your sidebar.</p>
<p>Additionally, if you have an Amazon Affiliate account, you can add your Affiliate ID at <a href="http://help.typepad.com/other_accounts.html" target="_self">Account &gt; Other Accounts</a> so that if anyone makes a purchase through your blog, you'll receive credit for it.</p>
<div class="photo-wrap photo-xid-6a00e54ee025588834017d412a899d970c" id="photo-xid-6a00e54ee025588834017d412a899d970c" style="display: block; margin-left: auto; margin-right: auto; width: 320px;"><a class="asset-img-link" href="http://featherfiles.aviary.com/2013-02-19/f77694d11/3c59ff621c2d43cc96845d3ca7c287ae_hires.png"><img alt="Tlsidebar" class="asset  asset-image at-xid-6a00e54ee025588834017d412a899d970c" src="http://kymberlie6.typepad.com/.a/6a00e54ee025588834017d412a899d970c-320wi" title="Tlsidebar" /></a>
<div class="photo-caption caption-xid-6a00e54ee025588834017d412a899d970c" id="caption-xid-6a00e54ee025588834017d412a899d970c">Your new Typelist!</div>
</div>
<br />You can read more about adding a new Typelist in our <a href="http://help.typepad.com/add_typelist.html" target="_self">Knowledge Base</a>.
<p>And if you like the spiffy design in the image above, try out the <a href="http://help.typepad.com/choose_theme.html" target="_self">new Heartbeats theme</a> on your own blog!</p><xhtml:img xmlns:xhtml="http://www.w3.org/1999/xhtml" src="http://feeds.feedburner.com/~r/TypePadNews/~4/Nur_PlJ4MYk" height="1" width="1" /></div></content>


    <feedburner:origLink>http://everything.typepad.com/blog/2013/02/typepad-101-adding-amazon-items-to-your-sidebar.html</feedburner:origLink></entry>
    <entry>
        <title>Today's Downtime</title>
        <link rel="alternate" type="text/html" href="http://feedproxy.google.com/~r/TypePadNews/~3/BxKRwuHUiYE/todays-downtime-explanation.html" />
        <link rel="replies" type="text/html" href="http://everything.typepad.com/blog/2013/02/todays-downtime-explanation.html" thr:count="6" thr:updated="2013-02-20T05:01:14-08:00" />
        <id>tag:typepad.com,2003:post-6a00d83451c82369e2017c36fa4537970b</id>
        <published>2013-02-19T15:45:16-08:00</published>
        <updated>2013-02-19T15:44:19-08:00</updated>
        <summary>Around 5:30am PST on February 19th, the Typepad application and Typepad blogs went offline. The initial downtime lasted approximately an hour and 15 minutes. Following that, blogs went offline again at 8:42am PST, with the...</summary>
        <author>
            <name>The Typepad Team</name>
        </author>
        <category scheme="http://www.sixapart.com/ns/types#category" term="News" />
        
        
<content type="xhtml" xml:lang="en-US" xml:base="http://everything.typepad.com/blog/"><div xmlns="http://www.w3.org/1999/xhtml"><p>Around 5:30am PST on February 19th, the Typepad application and Typepad blogs went offline. The initial downtime lasted approximately an hour and 15 minutes. Following that, blogs went offline again at 8:42am PST, with the Typepad application operating slowly. The second downtime lasted approximately an hour. </p>

<p><strong>We apologize for the downtime</strong></p>

<p>As bloggers ourselves, we understand how important it is to have your blogs available to your readers, your ad networks, and to you personally. We also understand how important it is for you to work with a reliable blogging platform. We let you down, and for that, we are deeply sorry.</p>

<p><strong>Here’s what happened</strong></p>

<p>Unusually high traffic caused issues with the server load balancer, causing the initial downtime. Unfortunately, the initial server reboot failed, causing the second extended downtime. By 9:40am PST, the source of the traffic disrupting the load balance was resolved, and we are continuing to monitor the situation. </p>

<p><strong>Thanks for hanging in there</strong></p>

<p>We pride ourselves on our reliability (<strong>if you're a numbers type, that's 99.77% uptime - in fact, for the last 365 days we've had 99.94% uptime, including today</strong>), and will be working hard to make any future downtime events like this even more rare. </p>

<p>We regret any inconvenience that this may have caused you. We know you have many publishing options, so thanks again for blogging with Typepad.</p><xhtml:img xmlns:xhtml="http://www.w3.org/1999/xhtml" src="http://feeds.feedburner.com/~r/TypePadNews/~4/BxKRwuHUiYE" height="1" width="1" /></div></content>


    <feedburner:origLink>http://everything.typepad.com/blog/2013/02/todays-downtime-explanation.html</feedburner:origLink></entry>
    <entry>
        <title>Spotlight: 6 Fantastic Blogs Written By Moms</title>
        <link rel="alternate" type="text/html" href="http://feedproxy.google.com/~r/TypePadNews/~3/WltRP_MS5GQ/spotlight-6-fantastic-blogs-written-by-moms.html" />
        <link rel="replies" type="text/html" href="http://everything.typepad.com/blog/2013/02/spotlight-6-fantastic-blogs-written-by-moms.html" thr:count="5" thr:updated="2013-02-23T12:31:31-08:00" />
        <id>tag:typepad.com,2003:post-6a00d83451c82369e2017ee88854b6970d</id>
        <published>2013-02-15T09:33:44-08:00</published>
        <updated>2013-02-15T09:33:44-08:00</updated>
        <summary>Each week, we scout for great blogs in the Typepad Showcase that fit a particular theme and are guaranteed to inspire. This week, we've hand-picked six great Typepad blogs written by moms. Not your typical...</summary>
        <author>
            <name>The Typepad Team</name>
        </author>
        <category scheme="http://www.sixapart.com/ns/types#category" term="Blogging Community" />
        
        
<content type="xhtml" xml:lang="en-US" xml:base="http://everything.typepad.com/blog/"><div xmlns="http://www.w3.org/1999/xhtml"><p>Each week, we scout for great blogs in the <a href="http://www.typepad.com/showcase">Typepad Showcase</a> that fit a particular theme and are guaranteed to inspire. This week, we've hand-picked six great Typepad blogs written by moms. Not your typical Mommy Blogs, each one is guaranteed to captivate, inspire, make you laugh, and make you think - whether you're a parent or not. Click through the photos below to visit each blog, and see why we think they're fantastic. </p>

<p>Ready? Let's go!</p>

<p><strong>Mommy Shorts:</strong></p>

<p><a href="http://www.mommyshorts.com/"><img class="asset  asset-image at-xid-6a00d83451c82369e2017d411477db970c" style="width: 595px; display: block; margin-left: auto; margin-right: auto;" alt="Mommy Shorts" title="Mommy Shorts" src="http://everything.typepad.com/.a/6a00d83451c82369e2017d411477db970c-600wi" /></a></p>

<p><strong>Posie Gets Cozy:</strong></p>

<p><a href="http://rosylittlethings.typepad.com/"><img class="asset  asset-image at-xid-6a00d83451c82369e2017ee8883b7d970d" style="width: 595px; display: block; margin-left: auto; margin-right: auto;" alt="Posie Gets Cozy" title="Posie Gets Cozy" src="http://everything.typepad.com/.a/6a00d83451c82369e2017ee8883b7d970d-600wi" /></a></p>

<p><strong>SouleMama:</strong></p>

<p><a href="http://soulemama.typepad.com/"><img class="asset  asset-image at-xid-6a00d83451c82369e2017ee8883ba5970d" style="width: 595px; display: block; margin-left: auto; margin-right: auto;" alt="SouleMama" title="SouleMama" src="http://everything.typepad.com/.a/6a00d83451c82369e2017ee8883ba5970d-600wi" /></a></p>

<p><strong>Progressive Pioneer:</strong></p>

<p><a href="http://www.progressivepioneer.com"><img class="asset  asset-image at-xid-6a00d83451c82369e2017d411480f8970c" style="width: 595px; display: block; margin-left: auto; margin-right: auto;" alt="Progressive Pioneer" title="Progressive Pioneer" src="http://everything.typepad.com/.a/6a00d83451c82369e2017d411480f8970c-600wi" /></a></p>

<p><strong>Suburban Homestead:</strong></p>

<p><a href="http://suburbanhomestead.typepad.com/blog/"><img class="asset  asset-image at-xid-6a00d83451c82369e2017d41148219970c" style="width: 595px; display: block; margin-left: auto; margin-right: auto;" alt="Suburban Homestead" title="Suburban Homestead" src="http://everything.typepad.com/.a/6a00d83451c82369e2017d41148219970c-600wi" /></a></p>

<p><strong>Mom to the Screaming Masses:</strong></p>

<p><a href="http://momtothescreamingmasses.typepad.com"><img class="asset  asset-image at-xid-6a00d83451c82369e2017d41148382970c" style="width: 595px; display: block; margin-left: auto; margin-right: auto;" alt="Mom to the Screaming Masses" title="Mom to the Screaming Masses" src="http://everything.typepad.com/.a/6a00d83451c82369e2017d41148382970c-600wi" /></a></p>

<p>We hope you enjoyed this week's roundup of fantastic Typepad blogs! Check out more great parenting blogs <a href="http://www.typepad.com/showcase/parents">right here</a>. We'd love to see your blog in the <a href="http://www.typepad.com/showcase">Typepad Showcase</a>, so go ahead and <a href="http://www.formstack.com/forms/?1181761-H54jdOxMyr">submit it</a> today - you might just see yourself in the spotlight!</p><xhtml:img xmlns:xhtml="http://www.w3.org/1999/xhtml" src="http://feeds.feedburner.com/~r/TypePadNews/~4/WltRP_MS5GQ" height="1" width="1" /></div></content>


    <feedburner:origLink>http://everything.typepad.com/blog/2013/02/spotlight-6-fantastic-blogs-written-by-moms.html</feedburner:origLink></entry>
    <entry>
        <title>Typepad 101: Add a Background Image to your Navigation Bar</title>
        <link rel="alternate" type="text/html" href="http://feedproxy.google.com/~r/TypePadNews/~3/NgCpdPHKu54/typepad-101-add-a-background-image-to-your-navigation-bar.html" />
        <link rel="replies" type="text/html" href="http://everything.typepad.com/blog/2013/02/typepad-101-add-a-background-image-to-your-navigation-bar.html" thr:count="0" />
        <id>tag:typepad.com,2003:post-6a00d83451c82369e2017ee8760427970d</id>
        <published>2013-02-13T09:35:21-08:00</published>
        <updated>2013-02-13T09:35:21-08:00</updated>
        <summary>Welcome to Typepad 101! Whether you want to add some new features to your blog's design, or simply make your blog more functional, Typepad 101 has you covered. Topics covered in this series are suitable...</summary>
        <author>
            <name>The Typepad Team</name>
        </author>
        <category scheme="http://www.sixapart.com/ns/types#category" term="Tips and Tricks" />
        
        
<content type="xhtml" xml:lang="en-US" xml:base="http://everything.typepad.com/blog/"><div xmlns="http://www.w3.org/1999/xhtml"><blockquote>
	Welcome to Typepad 101! Whether you want to add some new features to your blog's design, or simply make your blog more functional, Typepad 101 has you covered. Topics covered in this series are suitable for bloggers at any skill level. If you're on a plan which doesn't include a necessary feature, you can <a href="http://help.typepad.com/upgrade_downgrade.html">upgrade your account</a> anytime and put these tricks to use on your blog. 
</blockquote>

<p>If you want to make a small change to your blog that will have a big impact on your design, consider adding a background image to your <a href="http://help.typepad.com/organize_content.html#nav-bar">Navigation Bar</a>. All you need is an image and a little <a href="http://help.typepad.com/custom_css.html">Custom CSS</a>, and you're in business. Our example design was created using the <a href="http://help.typepad.com/theme_builder.html">Theme Builder</a> with a custom banner image and a little extra CSS to make the design a bit more custom, all things you can do yourself pretty easily. Want to see more? You can click the image below and enlarge it for the full impact, or see the design live, <a href="http://www.figandlaurel.com/" target="_blank">here</a>. </p>

<p><a class="asset-img-link" href="http://everything.typepad.com/.a/6a00d83451c82369e2017ee875aa14970d-popup" onclick="window.open( this.href, '_blank', 'width=640,height=480,scrollbars=no,resizable=no,toolbar=no,directories=no,location=no,menubar=no,status=no,left=0,top=0' ); return false"><img class="asset  asset-image at-xid-6a00d83451c82369e2017ee875aa14970d" style="width: 595px; display: block; margin-left: auto; margin-right: auto;" alt="Nav_bar_design" title="Nav_bar_design" src="http://everything.typepad.com/tips/cap_thumb.jpg" /></a></p>

<p>This tip uses Custom CSS, which is a feature of our Pro Unlimited account. At the Plus level? Remember, you can <a href="http://help.typepad.com/upgrade_downgrade.html">upgrade</a> any time! </p>

<p>The first element of our project today is the image that will sit behind the links on your Navigation Bar. You'll need to make sure that the image is wide enough to stretch across the entire container, or you'll want to use one that is seamless, and suitable for tiling. </p>

<p>In the case of our example design, our container width is 1030px, so we want to make the image the same width. This is pretty easy to do using Paint Shop Pro, Photoshop, and some online image editing tools as well. </p>

<p>Here's our ribbon, resized a bit and in a classy dark grey for instructional purposes:</p>

<p><a class="asset-img-link" href="http://everything.typepad.com/.a/6a00d83451c82369e2017ee875a4c3970d-pi"><img class="asset  asset-image at-xid-6a00d83451c82369e2017ee875a4c3970d" style="width: 595px; display: block; margin-left: auto; margin-right: auto;" alt="Short_ribbon" title="Short_ribbon" src="http://everything.typepad.com/.a/6a00d83451c82369e2017ee875a4c3970d-600wi" /></a></p>

<p>Once you've got your image, you'll want to upload it to your File Manager at Library &gt; File Manager. The image will then appear in a list with the other items in your File Manager. Next, click the image title in the list to view the image in a new browser tab. The URL, or path to your image is in the address bar there - keep that handy, because you'll need it soon. </p>

<p>Now you're ready for the second (and final) step. In another tab, click to Design &gt; Custom CSS, and paste the short snippet of code you see below: </p>

<blockquote>
	#nav { background: url(http://www.your-url-here.com/images/ribbon.png);
	 padding-top: 0px; padding-bottom: 0px; }
</blockquote>

<p>Next, replace the URL in the code with the URL/path for your specific image. Preview the design change to make sure that it looks the way you want it to, and then save your changes, and you're all set! Adding a little extra element that ties in with your design is a great (and easy!) way to make your blog look a bit more custom. </p>

<p>Check out more tips for styling your Navigation Bar with Custom CSS <a href="http://help.typepad.com/styling_the_navigation_bar.html">here</a>. <br />
</p><xhtml:img xmlns:xhtml="http://www.w3.org/1999/xhtml" src="http://feeds.feedburner.com/~r/TypePadNews/~4/NgCpdPHKu54" height="1" width="1" /></div></content>


    <feedburner:origLink>http://everything.typepad.com/blog/2013/02/typepad-101-add-a-background-image-to-your-navigation-bar.html</feedburner:origLink></entry>
    <entry>
        <title>Typepad Release Notes</title>
        <link rel="alternate" type="text/html" href="http://feedproxy.google.com/~r/TypePadNews/~3/bMI9cRaQfHo/typepad-release-notes.html" />
        <link rel="replies" type="text/html" href="http://everything.typepad.com/blog/2013/02/typepad-release-notes.html" thr:count="0" />
        <id>tag:typepad.com,2003:post-6a00d83451c82369e2017c36d365c2970b</id>
        <published>2013-02-12T15:08:53-08:00</published>
        <updated>2013-02-12T15:08:53-08:00</updated>
        <summary>Heartbeats Just in time for Valentine's Day, we have a sweet little treat for you by way of a new theme. Let's welcome Heartbeats to the theme family! Convenience To help quickly navigate to the...</summary>
        <author>
            <name>The Typepad Team</name>
        </author>
        <category scheme="http://www.sixapart.com/ns/types#category" term="News" />
        
        
<content type="xhtml" xml:lang="en-US" xml:base="http://everything.typepad.com/blog/"><div xmlns="http://www.w3.org/1999/xhtml"><h3>Heartbeats</h3>
<p>Just in time for Valentine's Day, we have a sweet little treat for you by way of a new theme. Let's welcome Heartbeats to the theme family!</p>
<p>
<a class="asset-img-link" href="http://everything.typepad.com/.a/6a00d83451c82369e2017ee875a05f970d-pi"><img alt="Heartbeats" class="asset  asset-image at-xid-6a00d83451c82369e2017ee875a05f970d" src="http://everything.typepad.com/.a/6a00d83451c82369e2017ee875a05f970d-550wi" style="width: 550px; display: block; margin-left: auto; margin-right: auto;" title="Heartbeats" /></a></p>
<h3>Convenience</h3>
<p>To help quickly navigate to the list of posts and pages, we've returned the List Posts and List Pages links. This will help you to access the posts and pages in your blog without having to click a tab--just publish or edit a post, then click the "List..." link at the top right to be taken to the correct location.</p>
<p>
<a class="asset-img-link" href="http://everything.typepad.com/.a/6a00d83451c82369e2017c36d2a0ca970b-pi"><img alt="List-posts" class="asset  asset-image at-xid-6a00d83451c82369e2017c36d2a0ca970b" src="http://everything.typepad.com/.a/6a00d83451c82369e2017c36d2a0ca970b-550wi" style="width: 550px; display: block; margin-left: auto; margin-right: auto;" title="List-posts" /></a><br />
<a class="asset-img-link" href="http://everything.typepad.com/.a/6a00d83451c82369e2017c36d2a0de970b-pi"><img alt="List-posts" class="asset  asset-image at-xid-6a00d83451c82369e2017c36d2a0de970b" src="http://everything.typepad.com/.a/6a00d83451c82369e2017c36d2a0de970b-550wi" style="width: 550px; display: block; margin-left: auto; margin-right: auto;" title="List-posts" /></a></p>
<h3>Trackbacks</h3>
<p>As <a href="http://everything.typepad.com/blog/2013/02/retiring-typepad-anti-spam-and-switching-to-impermium.html">previously discussed</a>, the ability to send or receive Trackbacks has been completely removed. This will improve the recent Trackback spam that some of you were experiencing. With this change, you will be able to display and hide existing trackbacks on posts via the Compose screen, as well as delete them at Comments &gt; Trackbacks.</p>
<p>We'll be releasing more great features, themes and improvements in the future, so please check back often!</p><xhtml:img xmlns:xhtml="http://www.w3.org/1999/xhtml" src="http://feeds.feedburner.com/~r/TypePadNews/~4/bMI9cRaQfHo" height="1" width="1" /></div></content>


    <feedburner:origLink>http://everything.typepad.com/blog/2013/02/typepad-release-notes.html</feedburner:origLink></entry>
    <entry>
        <title>Featured Blog: The Conscious Kitchen</title>
        <link rel="alternate" type="text/html" href="http://feedproxy.google.com/~r/TypePadNews/~3/nHZ6O17iHf4/featured-blog-the-conscious-kitchen.html" />
        <link rel="replies" type="text/html" href="http://everything.typepad.com/blog/2013/02/featured-blog-the-conscious-kitchen.html" thr:count="2" thr:updated="2013-02-11T16:19:22-08:00" />
        <id>tag:typepad.com,2003:post-6a00d83451c82369e2017d40f6bfb2970c</id>
        <published>2013-02-11T13:29:05-08:00</published>
        <updated>2013-02-11T13:29:05-08:00</updated>
        <summary>NAME: Julie Anne Schwarz BLOG: The Conscious Kitchen TYPEPAD MEMBER SINCE: 2010 WHY YOU'LL LOVE IT: From kitchen to blog, lifelong chef Julie Anne Schwarz aims to help you cook healthy and delicious meals with...</summary>
        <author>
            <name>The Typepad Team</name>
        </author>
        <category scheme="http://www.sixapart.com/ns/types#category" term="Featured Blogs" />
        
        
<content type="xhtml" xml:lang="en-US" xml:base="http://everything.typepad.com/blog/"><div xmlns="http://www.w3.org/1999/xhtml"><p><strong>NAME:</strong> Julie Anne Schwarz<br />
<strong>BLOG:</strong> <a href="http://www.theconsciouskitchen.com">The Conscious Kitchen</a><br />
<strong>TYPEPAD MEMBER SINCE:</strong> 2010<br />
<strong>WHY YOU'LL LOVE IT:</strong> From kitchen to blog, lifelong chef Julie Anne Schwarz aims to help you cook healthy and delicious meals with an understanding of their nutritional benefits. While focusing on a vegan diet, the recipes on her blog will easily satisfy omnivores as well. Let The Conscious Kitchen help you make thoughtful and responsible choices for yourself and the environment, provide you with current information about nutrition, and enjoy recipes that Julie has tested on her own family of critics.</p>

<p><a href="http://www.theconsciouskitchen.com"><img class="asset  asset-image at-xid-6a00d83451c82369e2017ee86b0bbc970d" style="width: 595px; display: block; margin-left: auto; margin-right: auto;" alt="Conscious_kitchen" title="Conscious_kitchen" src="http://everything.typepad.com/.a/6a00d83451c82369e2017ee86b0bbc970d-600wi" /></a></p>

<p><strong>FOLLOW:</strong> <a href="http://profile.typepad.com/theconsciouskitchen">Typepad</a> | <a href="https://twitter.com/JulieASchwarz">Twitter</a></p><xhtml:img xmlns:xhtml="http://www.w3.org/1999/xhtml" src="http://feeds.feedburner.com/~r/TypePadNews/~4/nHZ6O17iHf4" height="1" width="1" /></div></content>


    <feedburner:origLink>http://everything.typepad.com/blog/2013/02/featured-blog-the-conscious-kitchen.html</feedburner:origLink></entry>
    <entry>
        <title>Spotlight: Let's Explore!</title>
        <link rel="alternate" type="text/html" href="http://feedproxy.google.com/~r/TypePadNews/~3/LxldK_2qwsQ/spotlight-lets-explore.html" />
        <link rel="replies" type="text/html" href="http://everything.typepad.com/blog/2013/02/spotlight-lets-explore.html" thr:count="2" thr:updated="2013-02-09T20:21:02-08:00" />
        <id>tag:typepad.com,2003:post-6a00d83451c82369e2017d40e0ba81970c</id>
        <published>2013-02-08T07:15:15-08:00</published>
        <updated>2013-02-08T07:15:15-08:00</updated>
        <summary>Each week, we scout for great posts in the Typepad Showcase that fit a particular theme and are guaranteed to inspire. This week, we're rounding up some great travel posts by adventurous Typepad bloggers who...</summary>
        <author>
            <name>The Typepad Team</name>
        </author>
        <category scheme="http://www.sixapart.com/ns/types#category" term="Blogging Community" />
        
        
<content type="xhtml" xml:lang="en-US" xml:base="http://everything.typepad.com/blog/"><div xmlns="http://www.w3.org/1999/xhtml"><p>Each week, we scout for great posts in the <a href="http://www.typepad.com/showcase">Typepad Showcase</a> that fit a particular theme and are guaranteed to inspire. This week, we're rounding up some great travel posts by adventurous Typepad bloggers who are exploring cities far and near! Have a look - hopefully you'll be inspired to explore your own city or do some traveling of your own!</p>

<p>Want to come along? Click the pics!</p>

<p>Brian and Jen write about adventures both close to their New York City home and far away on their blog, <a href="http://www.thatlongyellowline.com/">That Long Yellow Line</a>. Recently, they took a trip to one of New York City's "other" museums, Alice Austen House on Staten Island:</p>

<p><a href="http://www.thatlongyellowline.com/2013/02/the-other-museums-of-new-york-city-alice-austen-house.html"><img class="asset  asset-image at-xid-6a00d83451c82369e2017d40e09cea970c" style="width: 595px; display: block; margin-left: auto; margin-right: auto;" alt="image from thatlongyellowline.typepad.com" title="image from thatlongyellowline.typepad.com" src="http://everything.typepad.com/.a/6a00d83451c82369e2017d40e09cea970c-600wi" /></a></p>

<p><a href="http://leonalane.typepad.com/my-blog/">Leona Lane's</a> Renae and Jenn traveled to glorious Paris last summer, and Jenn recently took a break from the chilly Seattle winter to remember their sunny trip in pictures (see Part 1 <a href="http://leonalane.typepad.com/my-blog/2012/12/dreaming-of-paris.html">here</a>!):</p>

<p><a href="http://leonalane.typepad.com/my-blog/2013/01/dreaming-of-paris-part-two.html"><img class="asset  asset-image at-xid-6a00d83451c82369e2017d40e0a3ad970c" style="width: 595px; display: block; margin-left: auto; margin-right: auto;" alt="image from leonalane.typepad.com" title="image from leonalane.typepad.com" src="http://everything.typepad.com/.a/6a00d83451c82369e2017d40e0a3ad970c-600wi" /></a></p>

<p>Helen at <a href="http://curlybirds.typepad.com/curly-birds/">Curly Birds</a> is moving her family to Bath, England for a month this summer, and she's currently researching her housing options! Will it be a flat in the city center, or a castle built in 1806?</p>

<p><a href="http://curlybirds.typepad.com/curly-birds/2013/02/house-hunters-international-bath-england.html"><img class="asset  asset-image at-xid-6a00d83451c82369e2017d40e0a91a970c" style="width: 595px; display: block; margin-left: auto; margin-right: auto;" alt="image from curlybirds.typepad.com" title="image from curlybirds.typepad.com" src="http://everything.typepad.com/.a/6a00d83451c82369e2017d40e0a91a970c-600wi" /></a></p>

<p><a href="http://www.elephantineblog.com/">Elephantine's</a> Rachel is a veteran explorer of her home city, frequently taking her readers along via gorgeous photos. She recently added The Whale Wins and Volunteer Park Conservatory to her Seattle city guide. </p>

<p><a href="http://www.elephantineblog.com/2013/01/the-latest-places.html"><img class="asset  asset-image at-xid-6a00d83451c82369e2017d40e0b580970c" style="width: 595px; display: block; margin-left: auto; margin-right: auto;" alt="image from elephantine.typepad.com" title="image from elephantine.typepad.com" src="http://everything.typepad.com/.a/6a00d83451c82369e2017d40e0b580970c-600wi" /></a></p>

<p>We hope you enjoyed this week's roundup of fantastic Typepad blogs! Check out more great blogs <a href="http://www.typepad.com/showcase">right here</a>. We'd love to see your blog in the <a href="http://www.typepad.com/showcase">Typepad Showcase</a>, so go ahead and <a href="http://www.formstack.com/forms/?1181761-H54jdOxMyr">submit it</a> today - you might just see yourself in the spotlight!</p><xhtml:img xmlns:xhtml="http://www.w3.org/1999/xhtml" src="http://feeds.feedburner.com/~r/TypePadNews/~4/LxldK_2qwsQ" height="1" width="1" /></div></content>


    <feedburner:origLink>http://everything.typepad.com/blog/2013/02/spotlight-lets-explore.html</feedburner:origLink></entry>
    <entry>
        <title>Retiring Typepad Anti-Spam and Switching to Impermium</title>
        <link rel="alternate" type="text/html" href="http://feedproxy.google.com/~r/TypePadNews/~3/r6vqoIqLtgo/retiring-typepad-anti-spam-and-switching-to-impermium.html" />
        <link rel="replies" type="text/html" href="http://everything.typepad.com/blog/2013/02/retiring-typepad-anti-spam-and-switching-to-impermium.html" thr:count="10" thr:updated="2013-02-18T11:25:56-08:00" />
        <id>tag:typepad.com,2003:post-6a00d83451c82369e2017d40d53bc3970c</id>
        <published>2013-02-06T16:37:08-08:00</published>
        <updated>2013-02-06T16:37:08-08:00</updated>
        <summary>As you might have read, we're disabling TrackBacks system-wide as part of our battle against spammers. Another huge step in this direction is by partnering with Impermium, a premier provider of social spam protection services,...</summary>
        <author>
            <name>The Typepad Team</name>
        </author>
        <category scheme="http://www.sixapart.com/ns/types#category" term="News" />
        
        
<content type="xhtml" xml:lang="en-US" xml:base="http://everything.typepad.com/blog/"><div xmlns="http://www.w3.org/1999/xhtml"><p>As you might have read, we're <a href="http://everything.typepad.com/blog/2013/01/tips-for-tricky-trackbacks.html">disabling TrackBacks system-wide</a> as part of our battle against spammers.  Another huge step in this direction is by partnering with <a href="http://impermium.com">Impermium</a>, a premier provider of social spam protection services, and retiring our own Typepad Anti-Spam service.</p>
<p>Spam is a very serious problem for each and every person on the Internet and using an industry leader like Impermium is one of the best ways for us to face it.  We know spam has been making the Typepad experience less than ideal, so by using Impermium and their spam fighting techniques, we're tackling the spammers head on.</p>
<p>This switch-over will be invisible to you, though you may see a slight uptick in spam while the system becomes better at recognizing it.  Rest assured - this will only be temporary and soon you should have a much better comment experience.</p>
<p>We've sent out an email to all people that have implemented Typepad Anti-Spam on non-Typepad blogs, so if that includes you, please be sure to check your inbox.
If you have any questions, we're always here to help.</p>
<p>Simply leave us a comment or open a Help ticket and one of our support team members will be happy to assist you.</p><xhtml:img xmlns:xhtml="http://www.w3.org/1999/xhtml" src="http://feeds.feedburner.com/~r/TypePadNews/~4/r6vqoIqLtgo" height="1" width="1" /></div></content>


    <feedburner:origLink>http://everything.typepad.com/blog/2013/02/retiring-typepad-anti-spam-and-switching-to-impermium.html</feedburner:origLink></entry>

</feed><!-- ph=1 -->
